otaka,otaka@example.com,password
hosoisan,hosoisan@example.com,password
junior,junior@example.com,password
horisho,horisho@example.com,password
asanyan,asanyan@example.com,password
hikaru,hikaru@example.com,password
